REF_AREA,Territorio,Anno,Popolazione,livello
IT108,Monza e della Brianza,2014,858244,provincia
IT108,Monza e della Brianza,2015,860065,provincia
IT108,Monza e della Brianza,2016,861122,provincia
IT108,Monza e della Brianza,2017,863267,provincia
IT108,Monza e della Brianza,2018,865666,provincia
IT108,Monza e della Brianza,2019,867385,provincia
IT108,Monza e della Brianza,2020,870193,provincia
IT108,Monza e della Brianza,2021,870113,provincia
IT108,Monza e della Brianza,2022,870407,provincia
IT108,Monza e della Brianza,2023,873606,provincia
IT109,Fermo,2014,176030,provincia
IT109,Fermo,2015,175758,provincia
IT109,Fermo,2016,174778,provincia
IT109,Fermo,2017,174011,provincia
IT109,Fermo,2018,173393,provincia
IT109,Fermo,2019,172681,provincia
IT109,Fermo,2020,171737,provincia
IT109,Fermo,2021,169710,provincia
IT109,Fermo,2022,168294,provincia
IT109,Fermo,2023,167824,provincia
IT110,Barletta-Andria-Trani,2014,393804,provincia
IT110,Barletta-Andria-Trani,2015,393704,provincia
IT110,Barletta-Andria-Trani,2016,392171,provincia
IT110,Barletta-Andria-Trani,2017,390570,provincia
IT110,Barletta-Andria-Trani,2018,388470,provincia
IT110,Barletta-Andria-Trani,2019,386530,provincia
IT110,Barletta-Andria-Trani,2020,384801,provincia
IT110,Barletta-Andria-Trani,2021,381091,provincia
IT110,Barletta-Andria-Trani,2022,380616,provincia
IT110,Barletta-Andria-Trani,2023,379509,provincia
IT111,Sud Sardegna,2014,360601,provincia
IT111,Sud Sardegna,2015,358627,provincia
IT111,Sud Sardegna,2016,355986,provincia
IT111,Sud Sardegna,2017,353554,provincia
IT111,Sud Sardegna,2018,351028,provincia
IT111,Sud Sardegna,2019,347732,provincia
IT111,Sud Sardegna,2020,344195,provincia
IT111,Sud Sardegna,2021,338264,provincia
IT111,Sud Sardegna,2022,337178,provincia
IT111,Sud Sardegna,2023,334198,provincia
ITC11,Torino,2014,2285336,provincia
ITC11,Torino,2015,2275771,provincia
ITC11,Torino,2016,2268360,provincia
ITC11,Torino,2017,2262336,provincia
ITC11,Torino,2018,2249616,provincia
ITC11,Torino,2019,2238663,provincia
ITC11,Torino,2020,2230946,provincia
ITC11,Torino,2021,2219206,provincia
ITC11,Torino,2022,2208370,provincia
ITC11,Torino,2023,2204632,provincia
ITC12,Vercelli,2014,176707,provincia
ITC12,Vercelli,2015,175540,provincia
ITC12,Vercelli,2016,174247,provincia
ITC12,Vercelli,2017,173229,provincia
ITC12,Vercelli,2018,171904,provincia
ITC12,Vercelli,2019,170493,provincia
ITC12,Vercelli,2020,169390,provincia
ITC12,Vercelli,2021,166584,provincia
ITC12,Vercelli,2022,166083,provincia
ITC12,Vercelli,2023,165892,provincia
ITC13,Biella,2014,181750,provincia
ITC13,Biella,2015,180633,provincia
ITC13,Biella,2016,179121,provincia
ITC13,Biella,2017,178042,provincia
ITC13,Biella,2018,176737,provincia
ITC13,Biella,2019,175341,provincia
ITC13,Biella,2020,174170,provincia
ITC13,Biella,2021,170724,provincia
ITC13,Biella,2022,170027,provincia
ITC13,Biella,2023,169106,provincia
ITC14,Verbano-Cusio-Ossola,2014,160906,provincia
ITC14,Verbano-Cusio-Ossola,2015,160240,provincia
ITC14,Verbano-Cusio-Ossola,2016,159292,provincia
ITC14,Verbano-Cusio-Ossola,2017,158744,provincia
ITC14,Verbano-Cusio-Ossola,2018,158131,provincia
ITC14,Verbano-Cusio-Ossola,2019,157278,provincia
ITC14,Verbano-Cusio-Ossola,2020,156320,provincia
ITC14,Verbano-Cusio-Ossola,2021,154926,provincia
ITC14,Verbano-Cusio-Ossola,2022,154249,provincia
ITC14,Verbano-Cusio-Ossola,2023,154038,provincia
ITC15,Novara,2014,370255,provincia
ITC15,Novara,2015,369393,provincia
ITC15,Novara,2016,368071,provincia
ITC15,Novara,2017,367314,provincia
ITC15,Novara,2018,366691,provincia
ITC15,Novara,2019,365773,provincia
ITC15,Novara,2020,364980,provincia
ITC15,Novara,2021,362925,provincia
ITC15,Novara,2022,361916,provincia
ITC15,Novara,2023,362502,provincia
ITC16,Cuneo,2014,592800,provincia
ITC16,Cuneo,2015,592331,provincia
ITC16,Cuneo,2016,590522,provincia
ITC16,Cuneo,2017,589206,provincia
ITC16,Cuneo,2018,588639,provincia
ITC16,Cuneo,2019,587213,provincia
ITC16,Cuneo,2020,586113,provincia
ITC16,Cuneo,2021,581798,provincia
ITC16,Cuneo,2022,580155,provincia
ITC16,Cuneo,2023,580736,provincia
ITC17,Asti,2014,220111,provincia
ITC17,Asti,2015,218708,provincia
ITC17,Asti,2016,216756,provincia
ITC17,Asti,2017,215800,provincia
ITC17,Asti,2018,214897,provincia
ITC17,Asti,2019,213504,provincia
ITC17,Asti,2020,212010,provincia
ITC17,Asti,2021,209390,provincia
ITC17,Asti,2022,208286,provincia
ITC17,Asti,2023,207951,provincia
ITC18,Alessandria,2014,433059,provincia
ITC18,Alessandria,2015,430946,provincia
ITC18,Alessandria,2016,427857,provincia
ITC18,Alessandria,2017,425677,provincia
ITC18,Alessandria,2018,423296,provincia
ITC18,Alessandria,2019,420300,provincia
ITC18,Alessandria,2020,417288,provincia
ITC18,Alessandria,2021,409392,provincia
ITC18,Alessandria,2022,407264,provincia
ITC18,Alessandria,2023,406494,provincia
ITC20,Valle d'Aosta / Vallée d'Aoste,2014,128245,provincia
ITC20,Valle d'Aosta / Vallée d'Aoste,2015,127972,provincia
ITC20,Valle d'Aosta / Vallée d'Aoste,2016,127030,provincia
ITC20,Valle d'Aosta / Vallée d'Aoste,2017,126677,provincia
ITC20,Valle d'Aosta / Vallée d'Aoste,2018,126213,provincia
ITC20,Valle d'Aosta / Vallée d'Aoste,2019,125653,provincia
ITC20,Valle d'Aosta / Vallée d'Aoste,2020,125034,provincia
ITC20,Valle d'Aosta / Vallée d'Aoste,2021,124089,provincia
ITC20,Valle d'Aosta / Vallée d'Aoste,2022,123360,provincia
ITC20,Valle d'Aosta / Vallée d'Aoste,2023,123130,provincia
ITC31,Imperia,2014,216226,provincia
ITC31,Imperia,2015,214981,provincia
ITC31,Imperia,2016,213022,provincia
ITC31,Imperia,2017,212400,provincia
ITC31,Imperia,2018,211081,provincia
ITC31,Imperia,2019,209982,provincia
ITC31,Imperia,2020,209382,provincia
ITC31,Imperia,2021,209244,provincia
ITC31,Imperia,2022,208670,provincia
ITC31,Imperia,2023,208792,provincia
ITC32,Savona,2014,282258,provincia
ITC32,Savona,2015,280806,provincia
ITC32,Savona,2016,278768,provincia
ITC32,Savona,2017,277357,provincia
ITC32,Savona,2018,275698,provincia
ITC32,Savona,2019,273732,provincia
ITC32,Savona,2020,271832,provincia
ITC32,Savona,2021,269752,provincia
ITC32,Savona,2022,268038,provincia
ITC32,Savona,2023,267366,provincia
ITC33,Genova,2014,860560,provincia
ITC33,Genova,2015,853201,provincia
ITC33,Genova,2016,846211,provincia
ITC33,Genova,2017,842249,provincia
ITC33,Genova,2018,836148,provincia
ITC33,Genova,2019,831172,provincia
ITC33,Genova,2020,826194,provincia
ITC33,Genova,2021,823612,provincia
ITC33,Genova,2022,817402,provincia
ITC33,Genova,2023,816606,provincia
ITC34,La Spezia,2014,221278,provincia
ITC34,La Spezia,2015,220439,provincia
ITC34,La Spezia,2016,219741,provincia
ITC34,La Spezia,2017,219373,provincia
ITC34,La Spezia,2018,218614,provincia
ITC34,La Spezia,2019,218094,provincia
ITC34,La Spezia,2020,217418,provincia
ITC34,La Spezia,2021,215887,provincia
ITC34,La Spezia,2022,215117,provincia
ITC34,La Spezia,2023,214872,provincia
ITC41,Varese,2014,885120,provincia
ITC41,Varese,2015,885922,provincia
ITC41,Varese,2016,885308,provincia
ITC41,Varese,2017,884887,provincia
ITC41,Varese,2018,884919,provincia
ITC41,Varese,2019,885085,provincia
ITC41,Varese,2020,884876,provincia
ITC41,Varese,2021,880093,provincia
ITC41,Varese,2022,877668,provincia
ITC41,Varese,2023,879731,provincia
ITC42,Como,2014,596740,provincia
ITC42,Como,2015,597842,provincia
ITC42,Como,2016,597433,provincia
ITC42,Como,2017,597927,provincia
ITC42,Como,2018,597486,provincia
ITC42,Como,2019,597807,provincia
ITC42,Como,2020,597642,provincia
ITC42,Como,2021,596456,provincia
ITC42,Como,2022,594941,provincia
ITC42,Como,2023,597117,provincia
ITC43,Lecco,2014,337883,provincia
ITC43,Lecco,2015,337162,provincia
ITC43,Lecco,2016,335812,provincia
ITC43,Lecco,2017,335744,provincia
ITC43,Lecco,2018,335588,provincia
ITC43,Lecco,2019,335554,provincia
ITC43,Lecco,2020,334961,provincia
ITC43,Lecco,2021,333569,provincia
ITC43,Lecco,2022,332457,provincia
ITC43,Lecco,2023,332775,provincia
ITC44,Sondrio,2014,182348,provincia
ITC44,Sondrio,2015,181859,provincia
ITC44,Sondrio,2016,181469,provincia
ITC44,Sondrio,2017,181083,provincia
ITC44,Sondrio,2018,181025,provincia
ITC44,Sondrio,2019,180680,provincia
ITC44,Sondrio,2020,180425,provincia
ITC44,Sondrio,2021,178798,provincia
ITC44,Sondrio,2022,178784,provincia
ITC44,Sondrio,2023,178795,provincia
ITC45,Milano,2014,3163522,provincia
ITC45,Milano,2015,3186367,provincia
ITC45,Milano,2016,3200447,provincia
ITC45,Milano,2017,3214702,provincia
ITC45,Milano,2018,3232728,provincia
ITC45,Milano,2019,3250077,provincia
ITC45,Milano,2020,3265327,provincia
ITC45,Milano,2021,3241813,provincia
ITC45,Milano,2022,3214630,provincia
ITC45,Milano,2023,3228006,provincia
ITC46,Bergamo,2014,1104999,provincia
ITC46,Bergamo,2015,1105724,provincia
ITC46,Bergamo,2016,1104383,provincia
ITC46,Bergamo,2017,1105276,provincia
ITC46,Bergamo,2018,1106160,provincia
ITC46,Bergamo,2019,1107159,provincia
ITC46,Bergamo,2020,1108126,provincia
ITC46,Bergamo,2021,1103556,provincia
ITC46,Bergamo,2022,1102997,provincia
ITC46,Bergamo,2023,1106303,provincia
ITC47,Brescia,2014,1255637,provincia
ITC47,Brescia,2015,1255890,provincia
ITC47,Brescia,2016,1253852,provincia
ITC47,Brescia,2017,1251873,provincia
ITC47,Brescia,2018,1251306,provincia
ITC47,Brescia,2019,1254419,provincia
ITC47,Brescia,2020,1255437,provincia
ITC47,Brescia,2021,1255709,provincia
ITC47,Brescia,2022,1253157,provincia
ITC47,Brescia,2023,1257326,provincia
ITC48,Pavia,2014,544765,provincia
ITC48,Pavia,2015,544841,provincia
ITC48,Pavia,2016,543875,provincia
ITC48,Pavia,2017,543138,provincia
ITC48,Pavia,2018,541617,provincia
ITC48,Pavia,2019,541717,provincia
ITC48,Pavia,2020,540376,provincia
ITC48,Pavia,2021,535801,provincia
ITC48,Pavia,2022,534506,provincia
ITC48,Pavia,2023,536406,provincia
ITC49,Lodi,2014,227647,provincia
ITC49,Lodi,2015,227637,provincia
ITC49,Lodi,2016,226999,provincia
ITC49,Lodi,2017,226686,provincia
ITC49,Lodi,2018,226807,provincia
ITC49,Lodi,2019,226949,provincia
ITC49,Lodi,2020,227412,provincia
ITC49,Lodi,2021,227343,provincia
ITC49,Lodi,2022,227327,provincia
ITC49,Lodi,2023,228136,provincia
ITC4A,Cremona,2014,360160,provincia
ITC4A,Cremona,2015,359489,provincia
ITC4A,Cremona,2016,358243,provincia
ITC4A,Cremona,2017,357168,provincia
ITC4A,Cremona,2018,356086,provincia
ITC4A,Cremona,2019,356150,provincia
ITC4A,Cremona,2020,355908,provincia
ITC4A,Cremona,2021,352242,provincia
ITC4A,Cremona,2022,351654,provincia
ITC4A,Cremona,2023,352189,provincia
ITC4B,Mantova,2014,412704,provincia
ITC4B,Mantova,2015,411971,provincia
ITC4B,Mantova,2016,409504,provincia
ITC4B,Mantova,2017,408668,provincia
ITC4B,Mantova,2018,407574,provincia
ITC4B,Mantova,2019,407851,provincia
ITC4B,Mantova,2020,406919,provincia
ITC4B,Mantova,2021,406061,provincia
ITC4B,Mantova,2022,404476,provincia
ITC4B,Mantova,2023,406119,provincia
ITD10,Bolzano / Bozen,2014,515389,provincia
ITD10,Bolzano / Bozen,2015,517994,provincia
ITD10,Bolzano / Bozen,2016,520252,provincia
ITD10,Bolzano / Bozen,2017,523454,provincia
ITD10,Bolzano / Bozen,2018,526772,provincia
ITD10,Bolzano / Bozen,2019,530313,provincia
ITD10,Bolzano / Bozen,2020,532644,provincia
ITD10,Bolzano / Bozen,2021,534912,provincia
ITD10,Bolzano / Bozen,2022,532616,provincia
ITD10,Bolzano / Bozen,2023,534147,provincia
ITD20,Trento,2014,536813,provincia
ITD20,Trento,2015,538188,provincia
ITD20,Trento,2016,539513,provincia
ITD20,Trento,2017,540280,provincia
ITD20,Trento,2018,541966,provincia
ITD20,Trento,2019,543721,provincia
ITD20,Trento,2020,545425,provincia
ITD20,Trento,2021,542166,provincia
ITD20,Trento,2022,540958,provincia
ITD20,Trento,2023,542996,provincia
ITD31,Verona,2014,917081,provincia
ITD31,Verona,2015,918450,provincia
ITD31,Verona,2016,918050,provincia
ITD31,Verona,2017,918069,provincia
ITD31,Verona,2018,919179,provincia
ITD31,Verona,2019,922857,provincia
ITD31,Verona,2020,924742,provincia
ITD31,Verona,2021,927810,provincia
ITD31,Verona,2022,924024,provincia
ITD31,Verona,2023,925656,provincia
ITD32,Vicenza,2014,866418,provincia
ITD32,Vicenza,2015,865350,provincia
ITD32,Vicenza,2016,862551,provincia
ITD32,Vicenza,2017,859736,provincia
ITD32,Vicenza,2018,857645,provincia
ITD32,Vicenza,2019,856939,provincia
ITD32,Vicenza,2020,855297,provincia
ITD32,Vicenza,2021,854962,provincia
ITD32,Vicenza,2022,852139,provincia
ITD32,Vicenza,2023,852779,provincia
ITD33,Belluno,2014,207418,provincia
ITD33,Belluno,2015,205906,provincia
ITD33,Belluno,2016,204687,provincia
ITD33,Belluno,2017,203582,provincia
ITD33,Belluno,2018,202825,provincia
ITD33,Belluno,2019,202269,provincia
ITD33,Belluno,2020,201309,provincia
ITD33,Belluno,2021,199704,provincia
ITD33,Belluno,2022,198676,provincia
ITD33,Belluno,2023,198105,provincia
ITD34,Treviso,2014,884463,provincia
ITD34,Treviso,2015,883548,provincia
ITD34,Treviso,2016,881315,provincia
ITD34,Treviso,2017,881749,provincia
ITD34,Treviso,2018,883346,provincia
ITD34,Treviso,2019,884173,provincia
ITD34,Treviso,2020,883522,provincia
ITD34,Treviso,2021,880417,provincia
ITD34,Treviso,2022,877890,provincia
ITD34,Treviso,2023,878828,provincia
ITD35,Venezia,2014,854685,provincia
ITD35,Venezia,2015,854245,provincia
ITD35,Venezia,2016,852177,provincia
ITD35,Venezia,2017,851353,provincia
ITD35,Venezia,2018,850607,provincia
ITD35,Venezia,2019,851057,provincia
ITD35,Venezia,2020,848829,provincia
ITD35,Venezia,2021,843545,provincia
ITD35,Venezia,2022,836916,provincia
ITD35,Venezia,2023,835895,provincia
ITD36,Padova,2014,932899,provincia
ITD36,Padova,2015,934138,provincia
ITD36,Padova,2016,932928,provincia
ITD36,Padova,2017,931890,provincia
ITD36,Padova,2018,932464,provincia
ITD36,Padova,2019,933867,provincia
ITD36,Padova,2020,933700,provincia
ITD36,Padova,2021,932629,provincia
ITD36,Padova,2022,929198,provincia
ITD36,Padova,2023,930349,provincia
ITD37,Rovigo,2014,242748,provincia
ITD37,Rovigo,2015,241057,provincia
ITD37,Rovigo,2016,238940,provincia
ITD37,Rovigo,2017,236994,provincia
ITD37,Rovigo,2018,234870,provincia
ITD37,Rovigo,2019,233428,provincia
ITD37,Rovigo,2020,231734,provincia
ITD37,Rovigo,2021,230763,provincia
ITD37,Rovigo,2022,228902,provincia
ITD37,Rovigo,2023,227941,provincia
ITD41,Pordenone,2014,312862,provincia
ITD41,Pordenone,2015,312003,provincia
ITD41,Pordenone,2016,310755,provincia
ITD41,Pordenone,2017,309706,provincia
ITD41,Pordenone,2018,309946,provincia
ITD41,Pordenone,2019,310636,provincia
ITD41,Pordenone,2020,310502,provincia
ITD41,Pordenone,2021,310634,provincia
ITD41,Pordenone,2022,309473,provincia
ITD41,Pordenone,2023,310133,provincia
ITD42,Udine,2014,538692,provincia
ITD42,Udine,2015,537054,provincia
ITD42,Udine,2016,534391,provincia
ITD42,Udine,2017,532637,provincia
ITD42,Udine,2018,530717,provincia
ITD42,Udine,2019,529230,provincia
ITD42,Udine,2020,526474,provincia
ITD42,Udine,2021,521117,provincia
ITD42,Udine,2022,518442,provincia
ITD42,Udine,2023,517376,provincia
ITD43,Gorizia,2014,140222,provincia
ITD43,Gorizia,2015,139904,provincia
ITD43,Gorizia,2016,139234,provincia
ITD43,Gorizia,2017,138555,provincia
ITD43,Gorizia,2018,138218,provincia
ITD43,Gorizia,2019,138143,provincia
ITD43,Gorizia,2020,137795,provincia
ITD43,Gorizia,2021,139070,provincia
ITD43,Gorizia,2022,137899,provincia
ITD43,Gorizia,2023,138034,provincia
ITD44,Trieste,2014,233208,provincia
ITD44,Trieste,2015,232703,provincia
ITD44,Trieste,2016,231828,provincia
ITD44,Trieste,2017,231911,provincia
ITD44,Trieste,2018,232274,provincia
ITD44,Trieste,2019,232405,provincia
ITD44,Trieste,2020,231445,provincia
ITD44,Trieste,2021,230689,provincia
ITD44,Trieste,2022,228833,provincia
ITD44,Trieste,2023,228705,provincia
ITD51,Piacenza,2014,288231,provincia
ITD51,Piacenza,2015,287469,provincia
ITD51,Piacenza,2016,286412,provincia
ITD51,Piacenza,2017,286162,provincia
ITD51,Piacenza,2018,286204,provincia
ITD51,Piacenza,2019,286265,provincia
ITD51,Piacenza,2020,286433,provincia
ITD51,Piacenza,2021,283742,provincia
ITD51,Piacenza,2022,283435,provincia
ITD51,Piacenza,2023,284220,provincia
ITD52,Parma,2014,442271,provincia
ITD52,Parma,2015,443892,provincia
ITD52,Parma,2016,446764,provincia
ITD52,Parma,2017,448455,provincia
ITD52,Parma,2018,450486,provincia
ITD52,Parma,2019,452505,provincia
ITD52,Parma,2020,454873,provincia
ITD52,Parma,2021,449628,provincia
ITD52,Parma,2022,448916,provincia
ITD52,Parma,2023,451688,provincia
ITD53,Reggio nell'Emilia,2014,530584,provincia
ITD53,Reggio nell'Emilia,2015,529306,provincia
ITD53,Reggio nell'Emilia,2016,529643,provincia
ITD53,Reggio nell'Emilia,2017,529479,provincia
ITD53,Reggio nell'Emilia,2018,529588,provincia
ITD53,Reggio nell'Emilia,2019,529932,provincia
ITD53,Reggio nell'Emilia,2020,529609,provincia
ITD53,Reggio nell'Emilia,2021,527140,provincia
ITD53,Reggio nell'Emilia,2022,525586,provincia
ITD53,Reggio nell'Emilia,2023,526990,provincia
ITD54,Modena,2014,699006,provincia
ITD54,Modena,2015,700222,provincia
ITD54,Modena,2016,700166,provincia
ITD54,Modena,2017,700472,provincia
ITD54,Modena,2018,701962,provincia
ITD54,Modena,2019,706757,provincia
ITD54,Modena,2020,707119,provincia
ITD54,Modena,2021,703696,provincia
ITD54,Modena,2022,701751,provincia
ITD54,Modena,2023,704332,provincia
ITD55,Bologna,2014,998967,provincia
ITD55,Bologna,2015,1002098,provincia
ITD55,Bologna,2016,1005022,provincia
ITD55,Bologna,2017,1009831,provincia
ITD55,Bologna,2018,1012550,provincia
ITD55,Bologna,2019,1017551,provincia
ITD55,Bologna,2020,1021501,provincia
ITD55,Bologna,2021,1015608,provincia
ITD55,Bologna,2022,1010812,provincia
ITD55,Bologna,2023,1014124,provincia
ITD56,Ferrara,2014,354362,provincia
ITD56,Ferrara,2015,353293,provincia
ITD56,Ferrara,2016,350704,provincia
ITD56,Ferrara,2017,347788,provincia
ITD56,Ferrara,2018,346447,provincia
ITD56,Ferrara,2019,345538,provincia
ITD56,Ferrara,2020,344510,provincia
ITD56,Ferrara,2021,342061,provincia
ITD56,Ferrara,2022,339573,provincia
ITD56,Ferrara,2023,339287,provincia
ITD57,Ravenna,2014,391295,provincia
ITD57,Ravenna,2015,390424,provincia
ITD57,Ravenna,2016,389996,provincia
ITD57,Ravenna,2017,389924,provincia
ITD57,Ravenna,2018,389939,provincia
ITD57,Ravenna,2019,388913,provincia
ITD57,Ravenna,2020,387970,provincia
ITD57,Ravenna,2021,386643,provincia
ITD57,Ravenna,2022,385631,provincia
ITD57,Ravenna,2023,386355,provincia
ITD58,Forlì-Cesena,2014,395737,provincia
ITD58,Forlì-Cesena,2015,394957,provincia
ITD58,Forlì-Cesena,2016,393717,provincia
ITD58,Forlì-Cesena,2017,393337,provincia
ITD58,Forlì-Cesena,2018,393867,provincia
ITD58,Forlì-Cesena,2019,395438,provincia
ITD58,Forlì-Cesena,2020,395306,provincia
ITD58,Forlì-Cesena,2021,392642,provincia
ITD58,Forlì-Cesena,2022,391293,provincia
ITD58,Forlì-Cesena,2023,391648,provincia
ITD59,Rimini,2014,331788,provincia
ITD59,Rimini,2015,332716,provincia
ITD59,Rimini,2016,333056,provincia
ITD59,Rimini,2017,334320,provincia
ITD59,Rimini,2018,334877,provincia
ITD59,Rimini,2019,336554,provincia
ITD59,Rimini,2020,336798,provincia
ITD59,Rimini,2021,337777,provincia
ITD59,Rimini,2022,338369,provincia
ITD59,Rimini,2023,338934,provincia
ITE11,Massa-Carrara,2014,200083,provincia
ITE11,Massa-Carrara,2015,198797,provincia
ITE11,Massa-Carrara,2016,196689,provincia
ITE11,Massa-Carrara,2017,195187,provincia
ITE11,Massa-Carrara,2018,194207,provincia
ITE11,Massa-Carrara,2019,192835,provincia
ITE11,Massa-Carrara,2020,191685,provincia
ITE11,Massa-Carrara,2021,189836,provincia
ITE11,Massa-Carrara,2022,188483,provincia
ITE11,Massa-Carrara,2023,187583,provincia
ITE12,Lucca,2014,393038,provincia
ITE12,Lucca,2015,391332,provincia
ITE12,Lucca,2016,388297,provincia
ITE12,Lucca,2017,386741,provincia
ITE12,Lucca,2018,385329,provincia
ITE12,Lucca,2019,383477,provincia
ITE12,Lucca,2020,382543,provincia
ITE12,Lucca,2021,383957,provincia
ITE12,Lucca,2022,382464,provincia
ITE12,Lucca,2023,382184,provincia
ITE13,Pistoia,2014,291254,provincia
ITE13,Pistoia,2015,291267,provincia
ITE13,Pistoia,2016,290612,provincia
ITE13,Pistoia,2017,290462,provincia
ITE13,Pistoia,2018,290665,provincia
ITE13,Pistoia,2019,291413,provincia
ITE13,Pistoia,2020,291697,provincia
ITE13,Pistoia,2021,290245,provincia
ITE13,Pistoia,2022,289414,provincia
ITE13,Pistoia,2023,289759,provincia
ITE14,Firenze,2014,1003893,provincia
ITE14,Firenze,2015,1005814,provincia
ITE14,Firenze,2016,1005359,provincia
ITE14,Firenze,2017,1005824,provincia
ITE14,Firenze,2018,1002913,provincia
ITE14,Firenze,2019,998976,provincia
ITE14,Firenze,2020,995517,provincia
ITE14,Firenze,2021,998431,provincia
ITE14,Firenze,2022,987260,provincia
ITE14,Firenze,2023,988194,provincia
ITE15,Prato,2014,253550,provincia
ITE15,Prato,2015,252588,provincia
ITE15,Prato,2016,253400,provincia
ITE15,Prato,2017,254606,provincia
ITE15,Prato,2018,255259,provincia
ITE15,Prato,2019,256534,provincia
ITE15,Prato,2020,257073,provincia
ITE15,Prato,2021,265269,provincia
ITE15,Prato,2022,258123,provincia
ITE15,Prato,2023,259244,provincia
ITE16,Livorno,2014,339683,provincia
ITE16,Livorno,2015,338374,provincia
ITE16,Livorno,2016,336860,provincia
ITE16,Livorno,2017,335870,provincia
ITE16,Livorno,2018,334483,provincia
ITE16,Livorno,2019,332887,provincia
ITE16,Livorno,2020,331877,provincia
ITE16,Livorno,2021,328996,provincia
ITE16,Livorno,2022,327262,provincia
ITE16,Livorno,2023,326605,provincia
ITE17,Pisa,2014,420380,provincia
ITE17,Pisa,2015,421062,provincia
ITE17,Pisa,2016,419784,provincia
ITE17,Pisa,2017,420564,provincia
ITE17,Pisa,2018,419636,provincia
ITE17,Pisa,2019,418300,provincia
ITE17,Pisa,2020,418122,provincia
ITE17,Pisa,2021,417983,provincia
ITE17,Pisa,2022,417041,provincia
ITE17,Pisa,2023,417170,provincia
ITE18,Arezzo,2014,346567,provincia
ITE18,Arezzo,2015,345706,provincia
ITE18,Arezzo,2016,343761,provincia
ITE18,Arezzo,2017,342549,provincia
ITE18,Arezzo,2018,341375,provincia
ITE18,Arezzo,2019,340349,provincia
ITE18,Arezzo,2020,339172,provincia
ITE18,Arezzo,2021,336501,provincia
ITE18,Arezzo,2022,334926,provincia
ITE18,Arezzo,2023,334052,provincia
ITE19,Siena,2014,270705,provincia
ITE19,Siena,2015,269912,provincia
ITE19,Siena,2016,268679,provincia
ITE19,Siena,2017,267330,provincia
ITE19,Siena,2018,266880,provincia
ITE19,Siena,2019,266033,provincia
ITE19,Siena,2020,265179,provincia
ITE19,Siena,2021,263801,provincia
ITE19,Siena,2022,261209,provincia
ITE19,Siena,2023,260557,provincia
ITE1A,Grosseto,2014,225140,provincia
ITE1A,Grosseto,2015,224192,provincia
ITE1A,Grosseto,2016,222981,provincia
ITE1A,Grosseto,2017,222258,provincia
ITE1A,Grosseto,2018,221301,provincia
ITE1A,Grosseto,2019,220539,provincia
ITE1A,Grosseto,2020,219690,provincia
ITE1A,Grosseto,2021,217846,provincia
ITE1A,Grosseto,2022,217009,provincia
ITE1A,Grosseto,2023,216633,provincia
ITE21,Perugia,2014,661638,provincia
ITE21,Perugia,2015,658819,provincia
ITE21,Perugia,2016,655997,provincia
ITE21,Perugia,2017,653802,provincia
ITE21,Perugia,2018,650524,provincia
ITE21,Perugia,2019,648829,provincia
ITE21,Perugia,2020,646710,provincia
ITE21,Perugia,2021,645506,provincia
ITE21,Perugia,2022,640482,provincia
ITE21,Perugia,2023,639224,provincia
ITE22,Terni,2014,230461,provincia
ITE22,Terni,2015,229469,provincia
ITE22,Terni,2016,228095,provincia
ITE22,Terni,2017,227190,provincia
ITE22,Terni,2018,225953,provincia
ITE22,Terni,2019,224915,provincia
ITE22,Terni,2020,223455,provincia
ITE22,Terni,2021,219946,provincia
ITE22,Terni,2022,218330,provincia
ITE22,Terni,2023,217183,provincia
ITE31,Pesaro e Urbino,2014,362931,provincia
ITE31,Pesaro e Urbino,2015,361969,provincia
ITE31,Pesaro e Urbino,2016,360203,provincia
ITE31,Pesaro e Urbino,2017,359369,provincia
ITE31,Pesaro e Urbino,2018,359033,provincia
ITE31,Pesaro e Urbino,2019,358143,provincia
ITE31,Pesaro e Urbino,2020,356497,provincia
ITE31,Pesaro e Urbino,2021,353272,provincia
ITE31,Pesaro e Urbino,2022,349818,provincia
ITE31,Pesaro e Urbino,2023,349529,provincia
ITE32,Ancona,2014,477487,provincia
ITE32,Ancona,2015,476111,provincia
ITE32,Ancona,2016,474334,provincia
ITE32,Ancona,2017,472098,provincia
ITE32,Ancona,2018,470533,provincia
ITE32,Ancona,2019,469166,provincia
ITE32,Ancona,2020,467451,provincia
ITE32,Ancona,2021,464419,provincia
ITE32,Ancona,2022,461687,provincia
ITE32,Ancona,2023,461655,provincia
ITE33,Macerata,2014,321356,provincia
ITE33,Macerata,2015,320894,provincia
ITE33,Macerata,2016,319057,provincia
ITE33,Macerata,2017,317542,provincia
ITE33,Macerata,2018,314944,provincia
ITE33,Macerata,2019,313022,provincia
ITE33,Macerata,2020,310815,provincia
ITE33,Macerata,2021,307410,provincia
ITE33,Macerata,2022,304986,provincia
ITE33,Macerata,2023,303828,provincia
ITE34,Ascoli Piceno,2014,211674,provincia
ITE34,Ascoli Piceno,2015,211137,provincia
ITE34,Ascoli Piceno,2016,210070,provincia
ITE34,Ascoli Piceno,2017,209440,provincia
ITE34,Ascoli Piceno,2018,208428,provincia
ITE34,Ascoli Piceno,2019,207309,provincia
ITE34,Ascoli Piceno,2020,206172,provincia
ITE34,Ascoli Piceno,2021,203425,provincia
ITE34,Ascoli Piceno,2022,202365,provincia
ITE34,Ascoli Piceno,2023,201462,provincia
ITE41,Viterbo,2014,317858,provincia
ITE41,Viterbo,2015,317302,provincia
ITE41,Viterbo,2016,315682,provincia
ITE41,Viterbo,2017,314003,provincia
ITE41,Viterbo,2018,313010,provincia
ITE41,Viterbo,2019,311761,provincia
ITE41,Viterbo,2020,309795,provincia
ITE41,Viterbo,2021,308830,provincia
ITE41,Viterbo,2022,308737,provincia
ITE41,Viterbo,2023,308158,provincia
ITE42,Rieti,2014,158024,provincia
ITE42,Rieti,2015,157477,provincia
ITE42,Rieti,2016,156869,provincia
ITE42,Rieti,2017,155875,provincia
ITE42,Rieti,2018,154828,provincia
ITE42,Rieti,2019,153534,provincia
ITE42,Rieti,2020,152497,provincia
ITE42,Rieti,2021,151335,provincia
ITE42,Rieti,2022,151143,provincia
ITE42,Rieti,2023,150457,provincia
ITE43,Roma,2014,4194085,provincia
ITE43,Roma,2015,4216217,provincia
ITE43,Roma,2016,4236445,provincia
ITE43,Roma,2017,4254033,provincia
ITE43,Roma,2018,4259443,provincia
ITE43,Roma,2019,4263542,provincia
ITE43,Roma,2020,4253314,provincia
ITE43,Roma,2021,4231451,provincia
ITE43,Roma,2022,4216874,provincia
ITE43,Roma,2023,4227059,provincia
ITE44,Latina,2014,560527,provincia
ITE44,Latina,2015,562493,provincia
ITE44,Latina,2016,563643,provincia
ITE44,Latina,2017,563908,provincia
ITE44,Latina,2018,564169,provincia
ITE44,Latina,2019,563271,provincia
ITE44,Latina,2020,562592,provincia
ITE44,Latina,2021,566224,provincia
ITE44,Latina,2022,567439,provincia
ITE44,Latina,2023,566996,provincia
ITE45,Frosinone,2014,493461,provincia
ITE45,Frosinone,2015,491410,provincia
ITE45,Frosinone,2016,488869,provincia
ITE45,Frosinone,2017,486273,provincia
ITE45,Frosinone,2018,483156,provincia
ITE45,Frosinone,2019,480968,provincia
ITE45,Frosinone,2020,477502,provincia
ITE45,Frosinone,2021,472559,provincia
ITE45,Frosinone,2022,470689,provincia
ITE45,Frosinone,2023,467866,provincia
ITF11,L'Aquila,2014,305639,provincia
ITF11,L'Aquila,2015,304136,provincia
ITF11,L'Aquila,2016,302311,provincia
ITF11,L'Aquila,2017,300762,provincia
ITF11,L'Aquila,2018,299084,provincia
ITF11,L'Aquila,2019,297313,provincia
ITF11,L'Aquila,2020,294838,provincia
ITF11,L'Aquila,2021,290811,provincia
ITF11,L'Aquila,2022,288956,provincia
ITF11,L'Aquila,2023,287806,provincia
ITF12,Teramo,2014,310157,provincia
ITF12,Teramo,2015,309674,provincia
ITF12,Teramo,2016,308326,provincia
ITF12,Teramo,2017,307687,provincia
ITF12,Teramo,2018,305894,provincia
ITF12,Teramo,2019,305291,provincia
ITF12,Teramo,2020,303900,provincia
ITF12,Teramo,2021,301104,provincia
ITF12,Teramo,2022,299646,provincia
ITF12,Teramo,2023,299071,provincia
ITF13,Pescara,2014,322271,provincia
ITF13,Pescara,2015,321830,provincia
ITF13,Pescara,2016,320710,provincia
ITF13,Pescara,2017,320008,provincia
ITF13,Pescara,2018,318034,provincia
ITF13,Pescara,2019,317366,provincia
ITF13,Pescara,2020,316363,provincia
ITF13,Pescara,2021,313882,provincia
ITF13,Pescara,2022,313631,provincia
ITF13,Pescara,2023,313110,provincia
ITF14,Chieti,2014,391851,provincia
ITF14,Chieti,2015,390196,provincia
ITF14,Chieti,2016,387947,provincia
ITF14,Chieti,2017,385473,provincia
ITF14,Chieti,2018,383047,provincia
ITF14,Chieti,2019,380675,provincia
ITF14,Chieti,2020,378840,provincia
ITF14,Chieti,2021,375215,provincia
ITF14,Chieti,2022,373717,provincia
ITF14,Chieti,2023,372640,provincia
ITF21,Isernia,2014,86839,provincia
ITF21,Isernia,2015,86489,provincia
ITF21,Isernia,2016,86069,provincia
ITF21,Isernia,2017,85497,provincia
ITF21,Isernia,2018,84971,provincia
ITF21,Isernia,2019,84027,provincia
ITF21,Isernia,2020,83154,provincia
ITF21,Isernia,2021,81415,provincia
ITF21,Isernia,2022,80564,provincia
ITF21,Isernia,2023,79912,provincia
ITF22,Campobasso,2014,226058,provincia
ITF22,Campobasso,2015,224909,provincia
ITF22,Campobasso,2016,223957,provincia
ITF22,Campobasso,2017,222903,provincia
ITF22,Campobasso,2018,221593,provincia
ITF22,Campobasso,2019,219763,provincia
ITF22,Campobasso,2020,217362,provincia
ITF22,Campobasso,2021,212879,provincia
ITF22,Campobasso,2022,211586,provincia
ITF22,Campobasso,2023,210724,provincia
ITF31,Caserta,2014,917923,provincia
ITF31,Caserta,2015,918110,provincia
ITF31,Caserta,2016,917423,provincia
ITF31,Caserta,2017,916615,provincia
ITF31,Caserta,2018,915730,provincia
ITF31,Caserta,2019,915549,provincia
ITF31,Caserta,2020,913666,provincia
ITF31,Caserta,2021,901903,provincia
ITF31,Caserta,2022,905045,provincia
ITF31,Caserta,2023,906074,provincia
ITF32,Benevento,2014,283431,provincia
ITF32,Benevento,2015,281563,provincia
ITF32,Benevento,2016,279778,provincia
ITF32,Benevento,2017,278475,provincia
ITF32,Benevento,2018,277579,provincia
ITF32,Benevento,2019,275384,provincia
ITF32,Benevento,2020,272318,provincia
ITF32,Benevento,2021,266716,provincia
ITF32,Benevento,2022,265055,provincia
ITF32,Benevento,2023,263125,provincia
ITF33,Napoli,2014,3078259,provincia
ITF33,Napoli,2015,3075600,provincia
ITF33,Napoli,2016,3071681,provincia
ITF33,Napoli,2017,3065231,provincia
ITF33,Napoli,2018,3060023,provincia
ITF33,Napoli,2019,3048194,provincia
ITF33,Napoli,2020,3034410,provincia
ITF33,Napoli,2021,2986745,provincia
ITF33,Napoli,2022,2988376,provincia
ITF33,Napoli,2023,2980338,provincia
ITF34,Avellino,2014,429901,provincia
ITF34,Avellino,2015,426909,provincia
ITF34,Avellino,2016,423372,provincia
ITF34,Avellino,2017,420719,provincia
ITF34,Avellino,2018,418123,provincia
ITF34,Avellino,2019,414109,provincia
ITF34,Avellino,2020,410369,provincia
ITF34,Avellino,2021,402929,provincia
ITF34,Avellino,2022,401451,provincia
ITF34,Avellino,2023,398932,provincia
ITF35,Salerno,2014,1103254,provincia
ITF35,Salerno,2015,1102188,provincia
ITF35,Salerno,2016,1098529,provincia
ITF35,Salerno,2017,1095614,provincia
ITF35,Salerno,2018,1091434,provincia
ITF35,Salerno,2019,1087055,provincia
ITF35,Salerno,2020,1081380,provincia
ITF35,Salerno,2021,1065967,provincia
ITF35,Salerno,2022,1064493,provincia
ITF35,Salerno,2023,1061067,provincia
ITF41,Foggia,2014,632597,provincia
ITF41,Foggia,2015,629554,provincia
ITF41,Foggia,2016,625294,provincia
ITF41,Foggia,2017,621555,provincia
ITF41,Foggia,2018,616829,provincia
ITF41,Foggia,2019,611518,provincia
ITF41,Foggia,2020,606904,provincia
ITF41,Foggia,2021,602394,provincia
ITF41,Foggia,2022,599028,provincia
ITF41,Foggia,2023,595682,provincia
ITF42,Bari,2014,1256495,provincia
ITF42,Bari,2015,1253461,provincia
ITF42,Bari,2016,1249699,provincia
ITF42,Bari,2017,1245190,provincia
ITF42,Bari,2018,1240589,provincia
ITF42,Bari,2019,1234997,provincia
ITF42,Bari,2020,1230205,provincia
ITF42,Bari,2021,1230158,provincia
ITF42,Bari,2022,1226784,provincia
ITF42,Bari,2023,1225048,provincia
ITF43,Taranto,2014,584796,provincia
ITF43,Taranto,2015,582400,provincia
ITF43,Taranto,2016,579310,provincia
ITF43,Taranto,2017,576041,provincia
ITF43,Taranto,2018,572436,provincia
ITF43,Taranto,2019,568258,provincia
ITF43,Taranto,2020,563995,provincia
ITF43,Taranto,2021,561958,provincia
ITF43,Taranto,2022,559892,provincia
ITF43,Taranto,2023,556692,provincia
ITF44,Brindisi,2014,401494,provincia
ITF44,Brindisi,2015,399338,provincia
ITF44,Brindisi,2016,396312,provincia
ITF44,Brindisi,2017,393786,provincia
ITF44,Brindisi,2018,390740,provincia
ITF44,Brindisi,2019,387817,provincia
ITF44,Brindisi,2020,385235,provincia
ITF44,Brindisi,2021,381946,provincia
ITF44,Brindisi,2022,381273,provincia
ITF44,Brindisi,2023,379522,provincia
ITF45,Lecce,2014,808602,provincia
ITF45,Lecce,2015,804812,provincia
ITF45,Lecce,2016,800949,provincia
ITF45,Lecce,2017,796925,provincia
ITF45,Lecce,2018,791902,provincia
ITF45,Lecce,2019,786408,provincia
ITF45,Lecce,2020,782165,provincia
ITF45,Lecce,2021,776230,provincia
ITF45,Lecce,2022,775348,provincia
ITF45,Lecce,2023,771230,provincia
ITF51,Potenza,2014,375370,provincia
ITF51,Potenza,2015,373323,provincia
ITF51,Potenza,2016,370854,provincia
ITF51,Potenza,2017,368391,provincia
ITF51,Potenza,2018,365903,provincia
ITF51,Potenza,2019,362452,provincia
ITF51,Potenza,2020,358401,provincia
ITF51,Potenza,2021,352490,provincia
ITF51,Potenza,2022,349616,provincia
ITF51,Potenza,2023,346475,provincia
ITF52,Matera,2014,200444,provincia
ITF52,Matera,2015,199913,provincia
ITF52,Matera,2016,199033,provincia
ITF52,Matera,2017,198014,provincia
ITF52,Matera,2018,197065,provincia
ITF52,Matera,2019,196135,provincia
ITF52,Matera,2020,194853,provincia
ITF52,Matera,2021,192640,provincia
ITF52,Matera,2022,191552,provincia
ITF52,Matera,2023,191102,provincia
ITF61,Cosenza,2014,713368,provincia
ITF61,Cosenza,2015,710806,provincia
ITF61,Cosenza,2016,706823,provincia
ITF61,Cosenza,2017,703066,provincia
ITF61,Cosenza,2018,699142,provincia
ITF61,Cosenza,2019,695605,provincia
ITF61,Cosenza,2020,690503,provincia
ITF61,Cosenza,2021,676119,provincia
ITF61,Cosenza,2022,674543,provincia
ITF61,Cosenza,2023,672432,provincia
ITF62,Crotone,2014,172000,provincia
ITF62,Crotone,2015,171969,provincia
ITF62,Crotone,2016,171985,provincia
ITF62,Crotone,2017,172635,provincia
ITF62,Crotone,2018,171904,provincia
ITF62,Crotone,2019,171486,provincia
ITF62,Crotone,2020,168581,provincia
ITF62,Crotone,2021,164059,provincia
ITF62,Crotone,2022,163553,provincia
ITF62,Crotone,2023,162749,provincia
ITF63,Catanzaro,2014,360340,provincia
ITF63,Catanzaro,2015,359072,provincia
ITF63,Catanzaro,2016,357926,provincia
ITF63,Catanzaro,2017,356897,provincia
ITF63,Catanzaro,2018,355000,provincia
ITF63,Catanzaro,2019,352065,provincia
ITF63,Catanzaro,2020,349344,provincia
ITF63,Catanzaro,2021,344439,provincia
ITF63,Catanzaro,2022,343673,provincia
ITF63,Catanzaro,2023,342021,provincia
ITF64,Vibo Valentia,2014,161634,provincia
ITF64,Vibo Valentia,2015,160684,provincia
ITF64,Vibo Valentia,2016,159824,provincia
ITF64,Vibo Valentia,2017,158569,provincia
ITF64,Vibo Valentia,2018,157632,provincia
ITF64,Vibo Valentia,2019,156378,provincia
ITF64,Vibo Valentia,2020,154715,provincia
ITF64,Vibo Valentia,2021,152193,provincia
ITF64,Vibo Valentia,2022,151558,provincia
ITF64,Vibo Valentia,2023,150709,provincia
ITF65,Reggio di Calabria,2014,550884,provincia
ITF65,Reggio di Calabria,2015,549202,provincia
ITF65,Reggio di Calabria,2016,546527,provincia
ITF65,Reggio di Calabria,2017,543930,provincia
ITF65,Reggio di Calabria,2018,540579,provincia
ITF65,Reggio di Calabria,2019,536487,provincia
ITF65,Reggio di Calabria,2020,530967,provincia
ITF65,Reggio di Calabria,2021,523791,provincia
ITF65,Reggio di Calabria,2022,522127,provincia
ITF65,Reggio di Calabria,2023,518699,provincia
ITG11,Trapani,2014,433677,provincia
ITG11,Trapani,2015,432813,provincia
ITG11,Trapani,2016,431516,provincia
ITG11,Trapani,2017,429535,provincia
ITG11,Trapani,2018,426963,provincia
ITG11,Trapani,2019,424039,provincia
ITG11,Trapani,2020,421256,provincia
ITG11,Trapani,2021,418277,provincia
ITG11,Trapani,2022,417220,provincia
ITG11,Trapani,2023,415006,provincia
ITG12,Palermo,2014,1256483,provincia
ITG12,Palermo,2015,1255334,provincia
ITG12,Palermo,2016,1250836,provincia
ITG12,Palermo,2017,1246163,provincia
ITG12,Palermo,2018,1238675,provincia
ITG12,Palermo,2019,1231602,provincia
ITG12,Palermo,2020,1222988,provincia
ITG12,Palermo,2021,1208819,provincia
ITG12,Palermo,2022,1208991,provincia
ITG12,Palermo,2023,1204189,provincia
ITG13,Messina,2014,645599,provincia
ITG13,Messina,2015,641243,provincia
ITG13,Messina,2016,635610,provincia
ITG13,Messina,2017,630489,provincia
ITG13,Messina,2018,624147,provincia
ITG13,Messina,2019,618713,provincia
ITG13,Messina,2020,613887,provincia
ITG13,Messina,2021,603980,provincia
ITG13,Messina,2022,603229,provincia
ITG13,Messina,2023,600180,provincia
ITG14,Agrigento,2014,447397,provincia
ITG14,Agrigento,2015,445117,provincia
ITG14,Agrigento,2016,441375,provincia
ITG14,Agrigento,2017,437155,provincia
ITG14,Agrigento,2018,432335,provincia
ITG14,Agrigento,2019,428003,provincia
ITG14,Agrigento,2020,423488,provincia
ITG14,Agrigento,2021,416181,provincia
ITG14,Agrigento,2022,415887,provincia
ITG14,Agrigento,2023,413177,provincia
ITG15,Caltanissetta,2014,272007,provincia
ITG15,Caltanissetta,2015,270972,provincia
ITG15,Caltanissetta,2016,268749,provincia
ITG15,Caltanissetta,2017,266428,provincia
ITG15,Caltanissetta,2018,263235,provincia
ITG15,Caltanissetta,2019,259586,provincia
ITG15,Caltanissetta,2020,255931,provincia
ITG15,Caltanissetta,2021,253688,provincia
ITG15,Caltanissetta,2022,251715,provincia
ITG15,Caltanissetta,2023,249431,provincia
ITG16,Enna,2014,171480,provincia
ITG16,Enna,2015,169922,provincia
ITG16,Enna,2016,168273,provincia
ITG16,Enna,2017,166296,provincia
ITG16,Enna,2018,164159,provincia
ITG16,Enna,2019,162371,provincia
ITG16,Enna,2020,160161,provincia
ITG16,Enna,2021,157690,provincia
ITG16,Enna,2022,156730,provincia
ITG16,Enna,2023,154940,provincia
ITG17,Catania,2014,1094665,provincia
ITG17,Catania,2015,1093911,provincia
ITG17,Catania,2016,1091100,provincia
ITG17,Catania,2017,1086981,provincia
ITG17,Catania,2018,1081823,provincia
ITG17,Catania,2019,1077270,provincia
ITG17,Catania,2020,1072634,provincia
ITG17,Catania,2021,1074089,provincia
ITG17,Catania,2022,1077515,provincia
ITG17,Catania,2023,1074434,provincia
ITG18,Ragusa,2014,317335,provincia
ITG18,Ragusa,2015,317146,provincia
ITG18,Ragusa,2016,317324,provincia
ITG18,Ragusa,2017,317476,provincia
ITG18,Ragusa,2018,316682,provincia
ITG18,Ragusa,2019,315564,provincia
ITG18,Ragusa,2020,315601,provincia
ITG18,Ragusa,2021,314910,provincia
ITG18,Ragusa,2022,316142,provincia
ITG18,Ragusa,2023,317793,provincia
ITG19,Siracusa,2014,403111,provincia
ITG19,Siracusa,2015,401808,provincia
ITG19,Siracusa,2016,399617,provincia
ITG19,Siracusa,2017,397377,provincia
ITG19,Siracusa,2018,394169,provincia
ITG19,Siracusa,2019,391400,provincia
ITG19,Siracusa,2020,389344,provincia
ITG19,Siracusa,2021,386071,provincia
ITG19,Siracusa,2022,385900,provincia
ITG19,Siracusa,2023,384866,provincia
ITG25,Sassari,2014,488789,provincia
ITG25,Sassari,2015,488917,provincia
ITG25,Sassari,2016,488904,provincia
ITG25,Sassari,2017,488453,provincia
ITG25,Sassari,2018,487509,provincia
ITG25,Sassari,2019,486689,provincia
ITG25,Sassari,2020,484407,provincia
ITG25,Sassari,2021,476357,provincia
ITG25,Sassari,2022,476516,provincia
ITG25,Sassari,2023,474739,provincia
ITG26,Nuoro,2014,214391,provincia
ITG26,Nuoro,2015,213365,provincia
ITG26,Nuoro,2016,211644,provincia
ITG26,Nuoro,2017,210532,provincia
ITG26,Nuoro,2018,209100,provincia
ITG26,Nuoro,2019,207108,provincia
ITG26,Nuoro,2020,205205,provincia
ITG26,Nuoro,2021,201517,provincia
ITG26,Nuoro,2022,200376,provincia
ITG26,Nuoro,2023,198520,provincia
ITG27,Cagliari,2014,426740,provincia
ITG27,Cagliari,2015,426678,provincia
ITG27,Cagliari,2016,426011,provincia
ITG27,Cagliari,2017,425365,provincia
ITG27,Cagliari,2018,425206,provincia
ITG27,Cagliari,2019,424105,provincia
ITG27,Cagliari,2020,422840,provincia
ITG27,Cagliari,2021,421488,provincia
ITG27,Cagliari,2022,421688,provincia
ITG27,Cagliari,2023,420364,provincia
ITG28,Oristano,2014,162007,provincia
ITG28,Oristano,2015,161055,provincia
ITG28,Oristano,2016,159947,provincia
ITG28,Oristano,2017,158935,provincia
ITG28,Oristano,2018,158197,provincia
ITG28,Oristano,2019,156623,provincia
ITG28,Oristano,2020,154974,provincia
ITG28,Oristano,2021,152418,provincia
ITG28,Oristano,2022,151655,provincia
ITG28,Oristano,2023,150325,provincia
ITC1,Piemonte,2014,4420924,regione
ITC1,Piemonte,2015,4403562,regione
ITC1,Piemonte,2016,4384226,regione
ITC1,Piemonte,2017,4370348,regione
ITC1,Piemonte,2018,4349911,regione
ITC1,Piemonte,2019,4328565,regione
ITC1,Piemonte,2020,4311217,regione
ITC1,Piemonte,2021,4274945,regione
ITC1,Piemonte,2022,4256350,regione
ITC1,Piemonte,2023,4251351,regione
ITC2,Valle d'Aosta / Vallée d'Aoste,2014,128245,regione
ITC2,Valle d'Aosta / Vallée d'Aoste,2015,127972,regione
ITC2,Valle d'Aosta / Vallée d'Aoste,2016,127030,regione
ITC2,Valle d'Aosta / Vallée d'Aoste,2017,126677,regione
ITC2,Valle d'Aosta / Vallée d'Aoste,2018,126213,regione
ITC2,Valle d'Aosta / Vallée d'Aoste,2019,125653,regione
ITC2,Valle d'Aosta / Vallée d'Aoste,2020,125034,regione
ITC2,Valle d'Aosta / Vallée d'Aoste,2021,124089,regione
ITC2,Valle d'Aosta / Vallée d'Aoste,2022,123360,regione
ITC2,Valle d'Aosta / Vallée d'Aoste,2023,123130,regione
ITC3,Liguria,2014,1580322,regione
ITC3,Liguria,2015,1569427,regione
ITC3,Liguria,2016,1557742,regione
ITC3,Liguria,2017,1551379,regione
ITC3,Liguria,2018,1541541,regione
ITC3,Liguria,2019,1532980,regione
ITC3,Liguria,2020,1524826,regione
ITC3,Liguria,2021,1518495,regione
ITC3,Liguria,2022,1509227,regione
ITC3,Liguria,2023,1507636,regione
ITC4,Lombardia,2014,9929769,regione
ITC4,Lombardia,2015,9954769,regione
ITC4,Lombardia,2016,9958447,regione
ITC4,Lombardia,2017,9970419,regione
ITC4,Lombardia,2018,9986962,regione
ITC4,Lombardia,2019,10010833,regione
ITC4,Lombardia,2020,10027602,regione
ITC4,Lombardia,2021,9981554,regione
ITC4,Lombardia,2022,9943004,regione
ITC4,Lombardia,2023,9976509,regione
ITCD,Nord,2019,27626522,regione
ITCD,Nord,2020,27616216,regione
ITCD,Nord,2021,27486438,regione
ITCD,Nord,2022,27373273,regione
ITCD,Nord,2023,27417148,regione
ITD1,Provincia Autonoma Bolzano / Bozen,2014,515389,regione
ITD1,Provincia Autonoma Bolzano / Bozen,2015,517994,regione
ITD1,Provincia Autonoma Bolzano / Bozen,2016,520252,regione
ITD1,Provincia Autonoma Bolzano / Bozen,2017,523454,regione
ITD1,Provincia Autonoma Bolzano / Bozen,2018,526772,regione
ITD1,Provincia Autonoma Bolzano / Bozen,2019,530313,regione
ITD1,Provincia Autonoma Bolzano / Bozen,2020,532644,regione
ITD1,Provincia Autonoma Bolzano / Bozen,2021,534912,regione
ITD1,Provincia Autonoma Bolzano / Bozen,2022,532616,regione
ITD1,Provincia Autonoma Bolzano / Bozen,2023,534147,regione
ITD2,Provincia Autonoma Trento,2014,536813,regione
ITD2,Provincia Autonoma Trento,2015,538188,regione
ITD2,Provincia Autonoma Trento,2016,539513,regione
ITD2,Provincia Autonoma Trento,2017,540280,regione
ITD2,Provincia Autonoma Trento,2018,541966,regione
ITD2,Provincia Autonoma Trento,2019,543721,regione
ITD2,Provincia Autonoma Trento,2020,545425,regione
ITD2,Provincia Autonoma Trento,2021,542166,regione
ITD2,Provincia Autonoma Trento,2022,540958,regione
ITD2,Provincia Autonoma Trento,2023,542996,regione
ITD3,Veneto,2014,4905712,regione
ITD3,Veneto,2015,4902694,regione
ITD3,Veneto,2016,4890648,regione
ITD3,Veneto,2017,4883373,regione
ITD3,Veneto,2018,4880936,regione
ITD3,Veneto,2019,4884590,regione
ITD3,Veneto,2020,4879133,regione
ITD3,Veneto,2021,4869830,regione
ITD3,Veneto,2022,4847745,regione
ITD3,Veneto,2023,4849553,regione
ITD4,Friuli-Venezia Giulia,2014,1224984,regione
ITD4,Friuli-Venezia Giulia,2015,1221664,regione
ITD4,Friuli-Venezia Giulia,2016,1216208,regione
ITD4,Friuli-Venezia Giulia,2017,1212809,regione
ITD4,Friuli-Venezia Giulia,2018,1211155,regione
ITD4,Friuli-Venezia Giulia,2019,1210414,regione
ITD4,Friuli-Venezia Giulia,2020,1206216,regione
ITD4,Friuli-Venezia Giulia,2021,1201510,regione
ITD4,Friuli-Venezia Giulia,2022,1194647,regione
ITD4,Friuli-Venezia Giulia,2023,1194248,regione
ITD5,Emilia-Romagna,2014,4432241,regione
ITD5,Emilia-Romagna,2015,4434377,regione
ITD5,Emilia-Romagna,2016,4435480,regione
ITD5,Emilia-Romagna,2017,4439768,regione
ITD5,Emilia-Romagna,2018,4445920,regione
ITD5,Emilia-Romagna,2019,4459453,regione
ITD5,Emilia-Romagna,2020,4464119,regione
ITD5,Emilia-Romagna,2021,4438937,regione
ITD5,Emilia-Romagna,2022,4425366,regione
ITD5,Emilia-Romagna,2023,4437578,regione
ITE1,Toscana,2014,3744293,regione
ITE1,Toscana,2015,3739044,regione
ITE1,Toscana,2016,3726422,regione
ITE1,Toscana,2017,3721391,regione
ITE1,Toscana,2018,3712048,regione
ITE1,Toscana,2019,3701343,regione
ITE1,Toscana,2020,3692555,regione
ITE1,Toscana,2021,3692865,regione
ITE1,Toscana,2022,3663191,regione
ITE1,Toscana,2023,3661981,regione
ITE2,Umbria,2014,892099,regione
ITE2,Umbria,2015,888288,regione
ITE2,Umbria,2016,884092,regione
ITE2,Umbria,2017,880992,regione
ITE2,Umbria,2018,876477,regione
ITE2,Umbria,2019,873744,regione
ITE2,Umbria,2020,870165,regione
ITE2,Umbria,2021,865452,regione
ITE2,Umbria,2022,858812,regione
ITE2,Umbria,2023,856407,regione
ITE3,Marche,2014,1549478,regione
ITE3,Marche,2015,1545869,regione
ITE3,Marche,2016,1538442,regione
ITE3,Marche,2017,1532460,regione
ITE3,Marche,2018,1526331,regione
ITE3,Marche,2019,1520321,regione
ITE3,Marche,2020,1512672,regione
ITE3,Marche,2021,1498236,regione
ITE3,Marche,2022,1487150,regione
ITE3,Marche,2023,1484298,regione
ITE4,Lazio,2014,5723955,regione
ITE4,Lazio,2015,5744899,regione
ITE4,Lazio,2016,5761508,regione
ITE4,Lazio,2017,5774092,regione
ITE4,Lazio,2018,5774606,regione
ITE4,Lazio,2019,5773076,regione
ITE4,Lazio,2020,5755700,regione
ITE4,Lazio,2021,5730399,regione
ITE4,Lazio,2022,5714882,regione
ITE4,Lazio,2023,5720536,regione
ITF1,Abruzzo,2014,1329918,regione
ITF1,Abruzzo,2015,1325836,regione
ITF1,Abruzzo,2016,1319294,regione
ITF1,Abruzzo,2017,1313930,regione
ITF1,Abruzzo,2018,1306059,regione
ITF1,Abruzzo,2019,1300645,regione
ITF1,Abruzzo,2020,1293941,regione
ITF1,Abruzzo,2021,1281012,regione
ITF1,Abruzzo,2022,1275950,regione
ITF1,Abruzzo,2023,1272627,regione
ITF2,Molise,2014,312897,regione
ITF2,Molise,2015,311398,regione
ITF2,Molise,2016,310026,regione
ITF2,Molise,2017,308400,regione
ITF2,Molise,2018,306564,regione
ITF2,Molise,2019,303790,regione
ITF2,Molise,2020,300516,regione
ITF2,Molise,2021,294294,regione
ITF2,Molise,2022,292150,regione
ITF2,Molise,2023,290636,regione
ITF3,Campania,2014,5812768,regione
ITF3,Campania,2015,5804370,regione
ITF3,Campania,2016,5790783,regione
ITF3,Campania,2017,5776654,regione
ITF3,Campania,2018,5762889,regione
ITF3,Campania,2019,5740291,regione
ITF3,Campania,2020,5712143,regione
ITF3,Campania,2021,5624260,regione
ITF3,Campania,2022,5624420,regione
ITF3,Campania,2023,5609536,regione
ITF4,Puglia,2014,4077788,regione
ITF4,Puglia,2015,4063269,regione
ITF4,Puglia,2016,4043735,regione
ITF4,Puglia,2017,4024067,regione
ITF4,Puglia,2018,4000966,regione
ITF4,Puglia,2019,3975528,regione
ITF4,Puglia,2020,3953305,regione
ITF4,Puglia,2021,3933777,regione
ITF4,Puglia,2022,3922941,regione
ITF4,Puglia,2023,3907683,regione
ITF5,Basilicata,2014,575814,regione
ITF5,Basilicata,2015,573236,regione
ITF5,Basilicata,2016,569887,regione
ITF5,Basilicata,2017,566405,regione
ITF5,Basilicata,2018,562968,regione
ITF5,Basilicata,2019,558587,regione
ITF5,Basilicata,2020,553254,regione
ITF5,Basilicata,2021,545130,regione
ITF5,Basilicata,2022,541168,regione
ITF5,Basilicata,2023,537577,regione
ITF6,Calabria,2014,1958226,regione
ITF6,Calabria,2015,1951733,regione
ITF6,Calabria,2016,1943085,regione
ITF6,Calabria,2017,1935097,regione
ITF6,Calabria,2018,1924257,regione
ITF6,Calabria,2019,1912021,regione
ITF6,Calabria,2020,1894110,regione
ITF6,Calabria,2021,1860601,regione
ITF6,Calabria,2022,1855454,regione
ITF6,Calabria,2023,1846610,regione
ITFG,Mezzogiorno,2019,20321667,regione
ITFG,Mezzogiorno,2020,20194180,regione
ITFG,Mezzogiorno,2021,19962823,regione
ITFG,Mezzogiorno,2022,19932825,regione
ITFG,Mezzogiorno,2023,19856831,regione
ITG1,Sicilia,2014,5041754,regione
ITG1,Sicilia,2015,5028266,regione
ITG1,Sicilia,2016,5004400,regione
ITG1,Sicilia,2017,4977900,regione
ITG1,Sicilia,2018,4942188,regione
ITG1,Sicilia,2019,4908548,regione
ITG1,Sicilia,2020,4875290,regione
ITG1,Sicilia,2021,4833705,regione
ITG1,Sicilia,2022,4833329,regione
ITG1,Sicilia,2023,4814016,regione
ITG2,Sardegna,2014,1652528,regione
ITG2,Sardegna,2015,1648642,regione
ITG2,Sardegna,2016,1642492,regione
ITG2,Sardegna,2017,1636839,regione
ITG2,Sardegna,2018,1631040,regione
ITG2,Sardegna,2019,1622257,regione
ITG2,Sardegna,2020,1611621,regione
ITG2,Sardegna,2021,1590044,regione
ITG2,Sardegna,2022,1587413,regione
ITG2,Sardegna,2023,1578146,regione
